{"500": {"K": [[0.0, 0.0, 0.0, 0.0, 0.0], [0.0, 0.0, 0.0, 0.0, 0.0], [0.0, 0.0, 0.0, 0.0, 14.438734229324757], [0.0, 0.0, 0.0, 0.0, 0.0], [6.269251691941985, 84.78986092879663, 112.1610598061638, 39.82588096753433, 127.90885957019776]], "P": [[45.167547710586994, 24.23009957129922, 0.0, 0.0, 19.586952750572124], [53.7364011162748, 32.48951295930644, 78.69456188230778, 0.0, 19.288247391901923], [25.85338295960987, 6.973189888450939, 17.685205584618373, 28.83058807859239, 18.58686007068096], [33.495877881546974, 46.69373319749843, 8.85113358081114, 0.0, 56.95152214053068], [84.43520438417663, 35.11803022690246, 63.00080779307952, 35.978260946087126, 98.49445383108915]], "N": [[0.0, 0.0, 42.869482792528146, 0.0, 0.0], [5.906779798809418, 0.0, 0.0, 0.0, 0.0], [0.0, 0.0, 0.0, 0.0, 0.0], [0.0, 0.0, 0.0, 0.0, 0.0], [0.0, 0.0, 0.0, 0.0, 193.72597569169125]]}}