{"plant_ids": [
  [1, 1, 3, 0, 1],
  [1, 0, 0, 0, 1],
  [1, 0, 1, 2, 1],
  [1, 0, 1, 0, 1],
  [1, 1, 1, 0, 1]], "error": [
  [12192.757966441415, 1054.6941891793772, 746.2256993375665, 5982.30273531913, 3561.5806173211668],
  [8007.030882728631, 4060.091169328666, 11480.70714306134, 2528.721937938519, 1988.7533651668764],
  [6724.885370880636, 11353.958537615503, 2675.524384261725, 3468.76687788662, 1066.8796585454395],
  [10910.809618778621, 8598.68925707673, 12324.395652351512, 3008.931448329349, 11012.157684528966],
  [3022.7506883902097, 6115.355461939918, 11206.570497838122, 6317.360846786927, 5789.903383387338]
]
}