{"250": {"K": [[0.0, 0.0, 0.0, 0.0, 10.118109228273674], [0.0, 0.0, 1.3022724137130934, 29.8610756250901, 129.29968953105168], [0.0, 0.0, 0.0, 0.0, 0.0], [0.0, 0.0, 0.0, 0.0, 0.0], [43.230807717595354, 86.18481292807118, 16.11105206932135, 88.92909091507231, 154.53612242444734]], "P": [[8.076506086969188, 12.499208237844678, 33.32303655320309, 63.735315984834955, 88.33836995367807], [57.48870548403324, 102.51939905988056, 50.29307389848828, 66.301378760286, 75.72985262702208], [80.26668636116464, 83.22629460110554, 73.98497462400054, 42.30595657762894, 21.488426033666897], [39.297771839199186, 51.165811003225, 61.14539468783081, 52.10640689001448, 117.04427208363433], [93.12299777257026, 34.50281501349568, 100.84856837821502, 41.88840586270925, 89.880816854942]], "N": [[0.0, 0.0, 0.0, 0.0, 0.0], [0.0, 0.0, 0.0, 0.0, 0.0], [0.0, 0.0, 0.0, 0.0, 0.0], [0.0, 0.0, 0.0, 0.0, 0.0], [0.0, 0.0, 0.0, 0.0, 135.21617639683473]]}}