{
  "K": [
    [158.86143768361, 164.47011712390227, 271.6143223174348, 137.19239452383198, 181.51896858510128],
    [105.44727637889534, 174.74143391835472, 136.1689297481936, 154.25938793854306, 152.57215295416879],
    [120.66603980167784, 227.66276784431955, 203.9951353968991, 216.18065953731139, 198.06804078198147],
    [104.91363344092696, 206.0920759517452, 235.16983883924817, 85.54842640977306, 121.57409627101895],
    [170.5302612030812, 221.470929591915, 214.32871709288722, 207.23444198323924, 196.5610817924209]
  ], "P": [
  [129.96209236730962, 86.05469728272739, 57.95151845089151, 44.46789126139872, 105.69584163946048],
  [106.73725950267635, 95.41899741536892, 170.42577728065578, 57.21771947190126, 90.61693267784065],
  [86.88691968281249, 74.93096639231689, 102.45592812486726, 126.62353284106212, 72.74554535661956],
  [122.45988079907873, 127.84866225822842, 115.56185612105973, 65.82323822682065, 129.44354075980226],
  [111.69365174615328, 74.8495777567217, 110.13835240536463, 80.20691666948422, 130.25000938664348]
], "N": [
  [230.7438841413797, 312.25507485472934, 473.75745571221904, 198.08016547482015, 276.0962160318812],
  [315.8194419609531, 89.90992839089824, 197.58196141850536, 165.99625574014618, 299.53184265628676],
  [263.0805827692699, 171.38945089387755, 301.782692649066, 353.39946577505486, 288.7142858861999],
  [278.98062670018714, 104.29556038798157, 234.37966672642662, 160.41790355670057, 262.1518332490474],
  [309.1533072050577, 247.3199429318642, 226.10822460199972, 120.88552967560238, 326.92134999705837]
]
}