{"250": {"K": [[0.0, 0.0, 0.0, 0.0, 11.633643293124889], [0.0, 0.0, 0.0, 0.0, 0.0], [0.0, 0.0, 0.36032840106750647, 0.0, 62.98158563445978], [0.0, 0.0, 0.0, 0.0, 0.0], [40.74936622486019, 101.32879827633268, 81.1417212147317, 49.41802367276662, 118.65612276648504]], "P": [[66.39992767183827, 42.15318234996181, 8.96591124844336, 0.0, 64.32045939686617], [68.39574456991116, 55.6131561733758, 125.91031124212762, 0.0, 56.293599344508685], [43.61229797109018, 32.32535170469913, 55.93920232613971, 59.809282756789635, 39.42756060161086], [51.99620712216136, 67.60824861548996, 49.64073752478041, 0.0, 87.65444489368275], [90.9242310793085, 43.69349042321001, 77.43711567386843, 46.06893191447612, 106.4986912983015]], "N": [[0.0, 0.0, 0.0, 0.0, 0.0], [0.0, 0.0, 0.0, 0.0, 0.0], [0.0, 0.0, 0.0, 0.0, 0.0], [0.0, 0.0, 0.0, 0.0, 0.0], [0.0, 0.0, 0.0, 0.0, 0.0]]}, "250": {"K": [[0.0, 0.0, 0.0, 0.0, 11.633643293124889], [0.0, 0.0, 0.0, 0.0, 0.0], [0.0, 0.0, 0.36032840106750647, 0.0, 62.98158563445978], [0.0, 0.0, 0.0, 0.0, 0.0], [40.74936622486019, 101.32879827633268, 81.1417212147317, 49.41802367276662, 118.65612276648504]], "P": [[66.39992767183827, 42.15318234996181, 8.96591124844336, 0.0, 64.32045939686617], [68.39574456991116, 55.6131561733758, 125.91031124212762, 0.0, 56.293599344508685], [43.61229797109018, 32.32535170469913, 55.93920232613971, 59.809282756789635, 39.42756060161086], [51.99620712216136, 67.60824861548996, 49.64073752478041, 0.0, 87.65444489368275], [90.9242310793085, 43.69349042321001, 77.43711567386843, 46.06893191447612, 106.4986912983015]], "N": [[0.0, 0.0, 0.0, 0.0, 0.0], [0.0, 0.0, 0.0, 0.0, 0.0], [0.0, 0.0, 0.0, 0.0, 0.0], [0.0, 0.0, 0.0, 0.0, 0.0], [0.0, 0.0, 0.0, 0.0, 0.0]]}}