{"plant_id": 0, "yield": 13.0, "nutrition_error": 898.9543180483478, "cost": 10895.332044597253, "fertelizer": [0.5470890713023985, 0.3604360692862286, 0.5596677209635114]}