{"500": {"K": [[13.005542351833038, 14.917772874885433, 18.601028424281548, 13.730099393782325, 14.689035515151419], [56.589200726806915, 12.332487984590237, 18.86830899260732, 14.689035515151419, 14.689035515151419], [6.762841339373387, 7.294653372149425, 25.537916815596784, 26.704764093484254, 41.49946250230784], [0.0, 0.0, 35.67956035460852, 36.119697387488046, 41.49946250230784], [63.800297018935105, 56.28540595123088, 78.20940528561012, 41.21386067628824, 73.17396815195588]], "P": [[0.0, 0.0, 12.31806225174339, 9.169495643571416, 14.113197155579801], [0.0, 0.0, 12.999139210236184, 12.384224704828664, 21.76597755481051], [0.3604360692862286, 0.3604360692862286, 16.255903792755678, 19.27631062261247, 29.093510667801038], [0.0, 0.0, 24.43585351123212, 24.43585351123212, 30.678007699671003], [0.3604360692862286, 1.259623117880288, 27.09060095388723, 27.26294868971096, 32.987837158751816]], "N": [[41.657360043187914, 15.196513249437238, 19.02870251275939, 14.050762510862128, 15.027595426983286], [60.47490953410726, 12.48761683655978, 19.319021331199956, 15.468699857828348, 30.1483743583259], [3.6269690057829846, 16.914197890810836, 27.925479638074254, 31.721790298308, 42.454415793243925], [0.0, 0.0, 36.537305211438614, 36.99415396774902, 42.843175512367736], [70.14875266151046, 46.17204869535365, 59.416487443597305, 42.17615428797272, 83.1661292829624]]}}