{"K": [[159.65415871796625, 159.95534021218515, 170.05095371464654, 136.56074121048255, 199.3694227434658], [188.58141892958665, 175.32198449869108, 240.6444800748856, 254.17703528503142, 234.34564919099222], [168.70711095594194, 202.73515025793012, 79.79139152008727, 163.73131270043285, 73.87519556004234], [131.99759832591215, 158.92482510355882, 275.9313316610371, 165.43041104950322, 222.3179301979562], [201.47949539924008, 231.5938502258881, 141.50264048963857, 217.67527620001022, 234.5805668688925]], "P": [[77.60588097417426, 55.566360902827945, 77.63422722806334, 133.68046510582326, 108.54018574133268], [100.23141370457029, 145.3432183915295, 94.44204235112497, 126.50875010349483, 106.15611285912067], [126.24383902614623, 128.81410848193815, 121.42460429248726, 110.26621135891017, 54.814686265766824], [114.21221628364195, 116.76202777462848, 130.94383368145785, 136.43484588364157, 152.86871652807832], [115.06633110590262, 68.1623651182343, 136.75922959406435, 79.20462263411393, 115.48081685494031]], "N": [[251.3765626416208, 312.6305561615805, 389.622786462828, 249.14224768035226, 221.46295067489282], [276.67396492312923, 365.3437235414614, 175.52784363139966, 360.521897205884, 189.5494517087485], [189.57429029428505, 228.28879339936, 169.71100432336192, 176.62621089630372, 319.9119035857994], [234.31098743273662, 361.5600712477226, 202.34368834178633, 198.41823706960633, 208.18449421011343], [211.17074591975464, 307.30850357848175, 371.0035159536372, 346.8509366331018, 327.2339541746146]]}