{"500": {"K": [[0.0, 0.0, 0.0, 0.0, 0.0], [0.0, 0.0, 0.0, 0.0, 27.754342568874936], [0.0, 0.0, 0.0, 0.0, 0.0], [0.0, 0.0, 0.0, 0.0, 0.0], [87.65120105755074, 38.003850225886346, 17.67652937852591, 80.58696148847017, 156.47278909111407]], "P": [[0.0, 0.0, 0.0, 4.820903692797389, 68.59574129688885], [30.500935665464176, 79.69912840201636, 13.933153462236074, 21.266769702596633, 50.33389063689906], [50.01939458170249, 31.751886259716603, 24.3757154035983, 0.0, 0.0], [1.3588829503087172, 16.18465143604847, 33.40050034812609, 0.0, 59.88871652807917], [83.31077555034828, 12.340142896012182, 84.01478514962079, 12.1157337452251, 72.45859463271847]], "N": [[0.0, 0.0, 0.0, 0.0, 0.0], [65.78910628729646, 168.67628767495592, 0.0, 0.0, 0.0], [0.0, 0.0, 0.0, 0.0, 160.4308083516707], [0.0, 0.0, 0.0, 0.0, 0.0], [65.79322162718165, 0.0, 138.53035286544832, 25.877556801706323, 224.29506528572574]]}}