{"plant_ids": [
  [1, 1, 1, 1, 1],
  [1, 2, 0, 2, 0],
  [0, 1, 0, 0, 1],
  [0, 1, 2, 0, 0],
  [0, 1, 1, 1, 2]], "error": [
  [4421.080731598218, 411.45727441115605, 6621.1579138800325, 11559.931950553571, 11054.886017534636],
  [3095.2694136694345, 8525.185164138116, 14399.939058447497, 1305.3724272851914, 14773.8030676134],
  [6475.3252771280995, 12491.271936690599, 5063.472682098156, 3750.8601835073814, 11363.919553559304],
  [11125.036726314178, 6464.5663098773875, 22469.086221567275, 8243.360675281536, 18968.581160409856],
  [12285.65393385524, 2779.9205109443833, 11308.518905133362, 3135.4300088337177, 3313.9761560865422]
]
}