{
  "0": {
    "K": [[4, 4, 4, 4, 4], [4, 3, 3, 4, 3], [3, 3, 4, 3, 3], [4, 4, 3, 4, 4], [3, 3, 4, 3, 3]],
    "P": [[4, 3, 4, 3, 4], [4, 3, 4, 3, 4], [4, 4, 3, 4, 4], [3, 3, 4, 3, 3], [4, 3, 3, 4, 4]],
    "N": [[3, 3, 4, 4, 4], [4, 3, 3, 3, 4], [4, 4, 3, 4, 3], [3, 3, 4, 3, 4], [4, 4, 4, 3, 3]]
  }, "1": {
  "K": [
    [3.894444444444445, 3.916666666666667, 3.9111111111111114, 3.877777777777778, 3.9611111111111112],
    [3.9222222222222225, 2.9222222222222225, 2.916666666666667, 3.894444444444445, 2.9444444444444446],
    [2.916666666666667, 2.916666666666667, 3.916666666666667, 2.894444444444445, 2.9444444444444446],
    [3.9111111111111114, 3.9111111111111114, 2.9111111111111114, 3.866666666666667, 3.95],
    [2.9722222222222223, 2.9555555555555557, 3.9555555555555557, 2.95, 2.966666666666667]
  ], "P": [
    [3.894444444444445, 2.916666666666667, 3.9111111111111114, 2.877777777777778, 3.9611111111111112],
    [3.9222222222222225, 2.9222222222222225, 3.916666666666667, 2.894444444444445, 3.9444444444444446],
    [3.916666666666667, 3.916666666666667, 2.916666666666667, 3.894444444444445, 3.9444444444444446],
    [2.9111111111111114, 2.9111111111111114, 3.9111111111111114, 2.866666666666667, 2.95],
    [3.9722222222222223, 2.9555555555555557, 2.9555555555555557, 3.95, 3.966666666666667]
  ], "N": [
    [2.894444444444445, 2.916666666666667, 3.9111111111111114, 3.877777777777778, 3.9611111111111112],
    [3.9222222222222225, 2.9222222222222225, 2.916666666666667, 2.894444444444445, 3.9444444444444446],
    [3.916666666666667, 3.916666666666667, 2.916666666666667, 3.894444444444445, 2.9444444444444446],
    [2.9111111111111114, 2.9111111111111114, 3.9111111111111114, 2.866666666666667, 3.95],
    [3.9722222222222223, 3.9555555555555557, 3.9555555555555557, 2.95, 2.966666666666667]
  ]
}, "2": {
  "K": [
    [3.833333333333334, 3.8111111111111113, 3.877777777777778, 3.822222222222223, 3.9555555555555557],
    [3.9000000000000004, 2.877777777777778, 2.877777777777778, 3.844444444444445, 2.9333333333333336],
    [2.9000000000000004, 2.9000000000000004, 3.9000000000000004, 2.866666666666667, 2.9333333333333336],
    [3.844444444444445, 3.866666666666667, 2.866666666666667, 3.844444444444445, 3.9333333333333336],
    [2.9555555555555557, 2.9333333333333336, 3.9333333333333336, 2.9333333333333336, 2.9555555555555557]
  ], "P": [
    [3.833333333333334, 2.8111111111111113, 3.877777777777778, 2.822222222222223, 3.9555555555555557],
    [3.9000000000000004, 2.877777777777778, 3.877777777777778, 2.844444444444445, 3.9333333333333336],
    [3.9000000000000004, 3.9000000000000004, 2.9000000000000004, 3.866666666666667, 3.9333333333333336],
    [2.844444444444445, 2.866666666666667, 3.866666666666667, 2.844444444444445, 2.9333333333333336],
    [3.9555555555555557, 2.9333333333333336, 2.9333333333333336, 3.9333333333333336, 3.9555555555555557]
  ], "N": [
    [2.833333333333334, 2.8111111111111113, 3.877777777777778, 3.822222222222223, 3.9555555555555557],
    [3.9000000000000004, 2.877777777777778, 2.877777777777778, 2.844444444444445, 3.9333333333333336],
    [3.9000000000000004, 3.9000000000000004, 2.9000000000000004, 3.866666666666667, 2.9333333333333336],
    [2.844444444444445, 2.866666666666667, 3.866666666666667, 2.844444444444445, 3.9333333333333336],
    [3.9555555555555557, 3.9333333333333336, 3.9333333333333336, 2.9333333333333336, 2.9555555555555557]
  ]
}, "3": {
  "K": [
    [3.772222222222223, 3.7944444444444447, 3.866666666666667, 3.7888888888888896, 3.95],
    [3.877777777777778, 2.855555555555556, 2.8611111111111116, 3.8166666666666673, 2.9222222222222225],
    [2.8833333333333337, 2.8833333333333337, 3.8833333333333337, 2.8388888888888895, 2.9222222222222225],
    [3.7777777777777786, 3.822222222222223, 2.822222222222223, 3.822222222222223, 3.916666666666667],
    [2.938888888888889, 2.9111111111111114, 3.9111111111111114, 2.916666666666667, 2.9444444444444446]
  ], "P": [
    [3.772222222222223, 2.7944444444444447, 3.866666666666667, 2.7888888888888896, 3.95],
    [3.877777777777778, 2.855555555555556, 3.8611111111111116, 2.8166666666666673, 3.9222222222222225],
    [3.8833333333333337, 3.8833333333333337, 2.8833333333333337, 3.8388888888888895, 3.9222222222222225],
    [2.7777777777777786, 2.822222222222223, 3.822222222222223, 2.822222222222223, 2.916666666666667],
    [3.938888888888889, 2.9111111111111114, 2.9111111111111114, 3.916666666666667, 3.9444444444444446]
  ], "N": [
    [2.772222222222223, 2.7944444444444447, 3.866666666666667, 3.7888888888888896, 3.95],
    [3.877777777777778, 2.855555555555556, 2.8611111111111116, 2.8166666666666673, 3.9222222222222225],
    [3.8833333333333337, 3.8833333333333337, 2.8833333333333337, 3.8388888888888895, 2.9222222222222225],
    [2.7777777777777786, 2.822222222222223, 3.822222222222223, 2.822222222222223, 3.916666666666667],
    [3.938888888888889, 3.9111111111111114, 3.9111111111111114, 2.916666666666667, 2.9444444444444446]
  ]
}, "4": {
  "K": [
    [2.6777777777777785, 3.866666666666667, 2.866666666666667, 3.833333333333334, 3.9444444444444446],
    [2.866666666666667, 2.866666666666667, 3.866666666666667, 2.855555555555556, 2.9222222222222225],
    [3.8888888888888893, 2.8888888888888893, 3.866666666666667, 3.844444444444445, 2.9111111111111114],
    [3.7666666666666675, 2.8000000000000007, 2.7888888888888896, 3.811111111111112, 2.9111111111111114],
    [3.9333333333333336, 3.9000000000000004, 2.8888888888888893, 2.9000000000000004, 3.9333333333333336]
  ], "P": [
    [2.6777777777777785, 2.866666666666667, 2.866666666666667, 2.833333333333334, 3.9444444444444446],
    [3.866666666666667, 3.866666666666667, 3.866666666666667, 3.855555555555556, 2.9222222222222225],
    [2.8888888888888893, 3.8888888888888893, 2.866666666666667, 2.844444444444445, 3.9111111111111114],
    [3.7666666666666675, 2.8000000000000007, 2.7888888888888896, 3.811111111111112, 2.9111111111111114],
    [3.9333333333333336, 2.9000000000000004, 2.8888888888888893, 2.9000000000000004, 3.9333333333333336]
  ], "N": [
    [3.6777777777777785, 2.866666666666667, 3.866666666666667, 2.833333333333334, 2.9444444444444446],
    [3.866666666666667, 3.866666666666667, 3.866666666666667, 2.855555555555556, 2.9222222222222225],
    [2.8888888888888893, 2.8888888888888893, 3.866666666666667, 2.844444444444445, 3.9111111111111114],
    [2.7666666666666675, 3.8000000000000007, 3.7888888888888896, 3.811111111111112, 3.9111111111111114],
    [3.9333333333333336, 3.9000000000000004, 2.8888888888888893, 2.9000000000000004, 2.9333333333333336]
  ]
}, "4": {
  "K": [
    [3.711111111111112, 3.777777777777778, 3.855555555555556, 3.7555555555555564, 3.9444444444444446],
    [3.855555555555556, 2.833333333333334, 2.844444444444445, 3.7888888888888896, 2.9111111111111114],
    [2.866666666666667, 2.866666666666667, 3.866666666666667, 2.811111111111112, 2.9111111111111114],
    [3.711111111111112, 3.7777777777777786, 2.7777777777777786, 3.8000000000000007, 3.9000000000000004],
    [2.9222222222222225, 2.8888888888888893, 3.8888888888888893, 2.9000000000000004, 2.9333333333333336]
  ], "P": [
    [3.711111111111112, 2.777777777777778, 3.855555555555556, 2.7555555555555564, 3.9444444444444446],
    [3.855555555555556, 2.833333333333334, 3.844444444444445, 2.7888888888888896, 3.9111111111111114],
    [3.866666666666667, 3.866666666666667, 2.866666666666667, 3.811111111111112, 3.9111111111111114],
    [2.711111111111112, 2.7777777777777786, 3.7777777777777786, 2.8000000000000007, 2.9000000000000004],
    [3.9222222222222225, 2.8888888888888893, 2.8888888888888893, 3.9000000000000004, 3.9333333333333336]
  ],