{"plant_ids": [[0, 0, 0, 0, 0], [0, 0, 2, 2, 0], [2, 0, 0, 0, 0], [2, 0, 0, 0, 0], [2, 0, 0, 0, 0]], "yield": 16.0, "nutrition_error": 4298.936240870269, "cost": 14684.507044597254, "fertelizer": [0.7312890713023986, 0.46163606928622863, 0.7810077209635113]}