{"250": {"K": [[0.0, 3.606528596951045, 27.61032169109467, 27.371254842014494, 38.370321691094695], [0.0, 8.588117935695418, 30.25916723002018, 28.25012747341739, 38.91358083842512], [0.0, 0.0392448092714639, 34.23304194431091, 36.82306411164469, 52.144534973080155], [0.0, 0.0392448092714639, 65.99687196391416, 68.23400399772618, 83.3388554446499], [91.92555984873118, 84.28896019273445, 124.90676832761979, 81.62429937757938, 124.9841413293785]], "P": [[0.0, 0, 5.04463763414242, 15.58409648670988, 25.474613268088362], [0.0, 5.551115123125783e-17, 19.10776148565058, 19.02275227986738, 31.9480804596821], [0.0, 0.0, 22.79398567560434, 24.103159434909557, 40.96436296691282], [0.0, 0.0, 41.06598007310558, 42.22578054531441, 54.09784188777288], [12.719280746030975, 17.63568072912637, 52.52857529289243, 53.51249313257727, 59.35879232938384]], "N": [[64.0609411024051, 19.131515752216767, 23.49966231714238, 23.49966231714238, 40.06094431065115], [95.73091123495973, 25.07623555857238, 25.855841925914078, 24.280670038105892, 45.117527347549434], [0.0, 27.27705156988299, 30.5383672412292, 30.5383672412292, 73.26577039169133], [0.0, 0.0, 75.26943233338444, 80.99637333616066, 93.91240904547455], [84.33012247316876, 88.14764311938673, 115.502305294896, 88.39773122270786, 154.983135294544]]}}