{"K": [[8.763712698975045, 0.0, 24.655681723150025, 11.447959472105891, 31.025846117604104], [26.31144648153974, 18.54476172637641, 11.111833482458914, 24.90688510559017, 29.5537903769241], [19.175936528165863, 5.09973815099368, 26.34932286932145, 28.147788194315254, 22.648965713230876], [15.970908566770763, 32.04328727097719, 46.60895537733305, 22.13710193693975, 22.119461296965827], [18.2065068290504, 30.442714098451575, 13.478756017500238, 9.660287995791787, 7.53766735883902]], "P": [[11.375097948975332, 9.688465937758794, 4.562409815030817, 1.7290255855274523, 8.019561093823194], [3.229306012330237, 6.835760296657691, 9.333923149172847, 14.940032323794368, 5.256521197581096], [3.932320455713378, 0.0, 5.523157969830326, 1.7178598376085983, 15.343287157431398], [4.499990286358379, 5.947349314857868, 5.974244423936075, 1.0515665877797913, 5.855626936489006], [4.15907573936566, 10.168617587891351, 1.9489878966113459, 9.980979658075618, 2.6631198323602083]], "N": [[25.420190304600116, 24.311696962809574, 10.173203497098166, 18.85985505669061, 30.0390415837589], [28.8375697545467, 21.119997919127368, 31.199734082162486, 25.7490882020291, 35.211973342865164], [32.84085269503073, 23.597034689863126, 25.45926110779131, 36.1033852389191, 29.46373749283753], [22.37641618752251, 8.429099726307408, 26.468795953685525, 37.72570969586049, 26.117837168036488], [27.334834794804543, 18.204965869572806, 21.19616381524512, 25.66575427900887, 11.743818412054353]]}