{"K": [[17.679147898216264, 26.069158549279262, 11.829817294044403, 10.073454849092244, 27.65286017732631], [16.6669306714819, 19.60466743673624, 0.5677687395420712, 13.876251904173245, 17.777272742695978], [14.777440376115292, 9.084466921362317, 21.386043741346022, 32.986117969217666, 28.51604978513428], [10.63517270748984, 27.93096036292022, 29.713182142467957, 17.54120271897949, 22.18632987474865], [8.647588725898173, 23.979147912156144, 35.917833835354116, 18.285065726902527, 11.05937129732869]], "P": [[9.190457054319907, 3.0623727442269297, 2.208341152819202, 2.4476027936959266, 6.453886615603675], [12.039167093399076, 0.30626378524335607, 0.0, 6.302837006032215, 7.757996415475697], [5.15482013498165, 12.326439727675837, 5.671561334942436, 12.85945540723091, 1.2381549694256373], [8.898881663625838, 1.7262710791246816, 8.589899314944532, 0.8310467400791612, 9.958956375962211], [0.7735357588662559, 3.4965392256497068, 14.315774740890872, 2.368147426826729, 9.296158400028425]], "N": [[32.48535591696238, 19.20122840743234, 19.123399000625888, 20.113360935516972, 34.20419155158015], [22.35874152584846, 30.50450710469581, 20.351547451953632, 8.2825973582653, 11.853620460534092], [7.183392747490043, 42.05616899094308, 20.827074599854672, 39.11368826756808, 24.711989973069237], [1.325580360090342, 22.38625261464599, 15.92279741741011, 33.556470522245306, 22.853834791021775], [13.599804436878745, 14.463744113700905, 16.467041720684787, 18.37970421092592, 23.875649498110416]]}